"DESCRIPTION","DURATION IN MS","NAME","PARENT SUITE","START TIME","STATUS","STOP TIME","SUB SUITE","SUITE","TEST CLASS","TEST METHOD"
"","0","Analyzer.Tests.Entities.UserEntityTests.User_CreateAdmin_WithEmptyArguments_ThrowsArgumentException(username: "" "", email: "" "", hash: "" "")","","2026-10-09","passed","2026-10-09","","Analyzer.Tests.Entities.UserEntityTests","Analyzer.Tests.Entities.UserEntityTests",""
"","329","Analyzer.Tests.Services.UserServiceTests.ChangePasswordAsync_WrongOldPassword_ThrowsInvalidOperationException","","2026-10-09","passed","2026-10-09","","Analyzer.Tests.Services.UserServiceTests","Analyzer.Tests.Services.UserServiceTests",""
"","1","Analyzer.Tests.Services.AvatarServiceTests.UploadNewAvatarAsync_NewImage_AddsToRepoAndReturnsId","","2026-10-09","passed","2026-10-09","","Analyzer.Tests.Services.AvatarServiceTests","Analyzer.Tests.Services.AvatarServiceTests",""
"","2","Analyzer.Tests.Entities.TeamEntityTests.Team_AddMember_PreventsDuplicates","","2026-10-09","passed","2026-10-09","","Analyzer.Tests.Entities.TeamEntityTests","Analyzer.Tests.Entities.TeamEntityTests",""
"","5","Analyzer.Tests.Services.GraphServiceTests.GetComponentsBySystemIdAsync_ReturnsMappedDtos","","2026-10-09","passed","2026-10-09","","Analyzer.Tests.Services.GraphServiceTests","Analyzer.Tests.Services.GraphServiceTests",""
"","0","Analyzer.Tests.Entities.InviteEntityTests.GetDetails_ReturnsCorrectDataFromInvite","","2026-10-09","passed","2026-10-09","","Analyzer.Tests.Entities.InviteEntityTests","Analyzer.Tests.Entities.InviteEntityTests",""
"","1","Analyzer.Tests.Services.UserServiceTests.GetAllUsersAsync_NoUsers_ReturnsEmptyList","","2026-10-09","passed","2026-10-09","","Analyzer.Tests.Services.UserServiceTests","Analyzer.Tests.Services.UserServiceTests",""
"","408","Analyzer.Tests.Services.UserServiceTests.ChangePasswordAsync_ValidOldPassword_UpdatesHash","","2026-10-09","passed","2026-10-09","","Analyzer.Tests.Services.UserServiceTests","Analyzer.Tests.Services.UserServiceTests",""
"","1","Analyzer.Tests.Services.UserServiceTests.GetAllUsersAsync_UsersExist_ReturnsUserDtoList","","2026-10-09","passed","2026-10-09","","Analyzer.Tests.Services.UserServiceTests","Analyzer.Tests.Services.UserServiceTests",""
"","0","Analyzer.Tests.Services.AvatarServiceTests.GetAvatarFileAsync_AvatarExists_ReturnsAvatar","","2026-10-09","passed","2026-10-09","","Analyzer.Tests.Services.AvatarServiceTests","Analyzer.Tests.Services.AvatarServiceTests",""
"","2","Analyzer.Tests.Services.GraphServiceTests.DeleteComponentAsync_RepositoryFails_PropagatesException","","2026-10-09","passed","2026-10-09","","Analyzer.Tests.Services.GraphServiceTests","Analyzer.Tests.Services.GraphServiceTests",""
"","0","Analyzer.Tests.Entities.InviteEntityTests.ValidateCanBeConsumedBy_WithWrongEmail_ThrowsArgumentException","","2026-10-09","passed","2026-10-09","","Analyzer.Tests.Entities.InviteEntityTests","Analyzer.Tests.Entities.InviteEntityTests",""
"","2","Analyzer.Tests.Services.SystemServiceTests.DeleteSystemAsync_CascadesToComponents","","2026-10-09","passed","2026-10-09","","Analyzer.Tests.Services.SystemServiceTests","Analyzer.Tests.Services.SystemServiceTests",""
"","1","Analyzer.Tests.Services.GraphServiceTests.GetComponentDetailsAsync_NotFoundInRepository_ThrowsKeyNotFoundException","","2026-10-09","passed","2026-10-09","","Analyzer.Tests.Services.GraphServiceTests","Analyzer.Tests.Services.GraphServiceTests",""
"","0","Analyzer.Tests.Entities.InviteEntityTests.Revoke_WhenAlreadyActivated_ThrowsInvalidOperationException","","2026-10-09","passed","2026-10-09","","Analyzer.Tests.Entities.InviteEntityTests","Analyzer.Tests.Entities.InviteEntityTests",""
"","1","Analyzer.Tests.Services.TeamServiceTests.GetTeamMembersAsync_TeamNotFound_ThrowsKeyNotFoundException","","2026-10-09","passed","2026-10-09","","Analyzer.Tests.Services.TeamServiceTests","Analyzer.Tests.Services.TeamServiceTests",""
"","0","Analyzer.Tests.Services.AnalysisServiceTests.AssessDeploymentRiskAsync_IgnoresUnknownSeverity_CalculatesProperly","","2026-10-09","passed","2026-10-09","","Analyzer.Tests.Services.AnalysisServiceTests","Analyzer.Tests.Services.AnalysisServiceTests",""
"","1","Analyzer.Tests.Services.UserServiceTests.UpdateProfileAsync_ChangeUsernameToTaken_ThrowsInvalidOperationException","","2026-10-09","passed","2026-10-09","","Analyzer.Tests.Services.UserServiceTests","Analyzer.Tests.Services.UserServiceTests",""
"","3","Analyzer.Tests.Services.AvatarServiceTests.GetAvatarHistoryAsync_NoAvatars_ReturnsEmptyList","","2026-10-09","passed","2026-10-09","","Analyzer.Tests.Services.AvatarServiceTests","Analyzer.Tests.Services.AvatarServiceTests",""
"","1","Analyzer.Tests.Services.SystemServiceTests.UpdateSystemAsync_SystemExists_UpdatesDetails","","2026-10-09","passed","2026-10-09","","Analyzer.Tests.Services.SystemServiceTests","Analyzer.Tests.Services.SystemServiceTests",""
"","0","Analyzer.Tests.Entities.ComponentEntityTests.Component_SetDescription_EmptyString_ThrowsInvalidComponentPropertyException","","2026-10-09","passed","2026-10-09","","Analyzer.Tests.Entities.ComponentEntityTests","Analyzer.Tests.Entities.ComponentEntityTests",""
"","1","Analyzer.Tests.Services.TeamServiceTests.GetAllTeamsAsync_TeamsExist_ReturnsMappedTeamDtos","","2026-10-09","passed","2026-10-09","","Analyzer.Tests.Services.TeamServiceTests","Analyzer.Tests.Services.TeamServiceTests",""
"","12","Analyzer.Tests.Entities.ComponentEntityTests.Component_SetName_EmptyString_ThrowsInvalidComponentPropertyException","","2026-10-09","passed","2026-10-09","","Analyzer.Tests.Entities.ComponentEntityTests","Analyzer.Tests.Entities.ComponentEntityTests",""
"","48","Analyzer.Tests.Services.AnalysisServiceTests.DetectSpofAsync_FoundSpofs_ReturnsSortedDictionary","","2026-10-09","passed","2026-10-09","","Analyzer.Tests.Services.AnalysisServiceTests","Analyzer.Tests.Services.AnalysisServiceTests",""
"","0","Analyzer.Tests.Services.AnalysisServiceTests.AssessDeploymentRiskAsync_ScoreBetween5And19_ReturnsMediumRisk","","2026-10-09","passed","2026-10-09","","Analyzer.Tests.Services.AnalysisServiceTests","Analyzer.Tests.Services.AnalysisServiceTests",""
"","0","Analyzer.Tests.Entities.ITSystemEntityTests.ITSystem_Constructor_WithEmptyName_ThrowsArgumentException","","2026-10-09","passed","2026-10-09","","Analyzer.Tests.Entities.ITSystemEntityTests","Analyzer.Tests.Entities.ITSystemEntityTests",""
"","1","Analyzer.Tests.Entities.UserEntityTests.User_UpdateProfile_WithInvalidEmail_ThrowsArgumentException","","2026-10-09","passed","2026-10-09","","Analyzer.Tests.Entities.UserEntityTests","Analyzer.Tests.Entities.UserEntityTests",""
"","0","Analyzer.Tests.Services.GraphServiceTests.CreateComponentAsync_EmptyDescription_ThrowsInvalidComponentPropertyException","","2026-10-09","passed","2026-10-09","","Analyzer.Tests.Services.GraphServiceTests","Analyzer.Tests.Services.GraphServiceTests",""
"","0","Analyzer.Tests.Entities.InviteEntityTests.Revoke_WhenPending_ChangesToRevoked","","2026-10-09","passed","2026-10-09","","Analyzer.Tests.Entities.InviteEntityTests","Analyzer.Tests.Entities.InviteEntityTests",""
"","4","Analyzer.Tests.Services.InviteServiceTests.ConsumeInviteAsync_ValidFlow_UpdatesStatusAndAddsToTeam","","2026-10-09","passed","2026-10-09","","Analyzer.Tests.Services.InviteServiceTests","Analyzer.Tests.Services.InviteServiceTests",""
"","5","Analyzer.Tests.Services.SystemServiceTests.ImportSystem_RebuildsGraphWithNewGuids","","2026-10-09","passed","2026-10-09","","Analyzer.Tests.Services.SystemServiceTests","Analyzer.Tests.Services.SystemServiceTests",""
"","23","Analyzer.Tests.Services.AvatarServiceTests.GetAvatarHistoryAsync_ReturnsHistoryFromRepo","","2026-10-09","passed","2026-10-09","","Analyzer.Tests.Services.AvatarServiceTests","Analyzer.Tests.Services.AvatarServiceTests",""
"","0","Analyzer.Tests.Services.AnalysisServiceTests.GetImpactedComponentsAsync_HasImpact_ReturnsGuidList","","2026-10-09","passed","2026-10-09","","Analyzer.Tests.Services.AnalysisServiceTests","Analyzer.Tests.Services.AnalysisServiceTests",""
"","5","Analyzer.Tests.Services.AnalysisServiceTests.AssessDeploymentRiskAsync_ScoreBetween20And49_ReturnsHighRisk","","2026-10-09","passed","2026-10-09","","Analyzer.Tests.Services.AnalysisServiceTests","Analyzer.Tests.Services.AnalysisServiceTests",""
"","0","Analyzer.Tests.Services.InviteServiceTests.RevokeInviteAsync_InviteNotFound_ThrowsKeyNotFoundException","","2026-10-09","passed","2026-10-09","","Analyzer.Tests.Services.InviteServiceTests","Analyzer.Tests.Services.InviteServiceTests",""
"","1","Analyzer.Tests.Services.InviteServiceTests.GetValidatedInviteDetailsAsync_WrongEmail_ThrowsArgumentException","","2026-10-09","passed","2026-10-09","","Analyzer.Tests.Services.InviteServiceTests","Analyzer.Tests.Services.InviteServiceTests",""
"","0","Analyzer.Tests.Services.AnalysisServiceTests.AssessDeploymentRiskAsync_Score50OrMore_ReturnsCriticalRisk","","2026-10-09","passed","2026-10-09","","Analyzer.Tests.Services.AnalysisServiceTests","Analyzer.Tests.Services.AnalysisServiceTests",""
"","1","Analyzer.Tests.Entities.AvatarEntityTests.Avatar_Constructor_ValidParameters_SetsPropertiesCorrectly","","2026-10-09","passed","2026-10-09","","Analyzer.Tests.Entities.AvatarEntityTests","Analyzer.Tests.Entities.AvatarEntityTests",""
"","1","Analyzer.Tests.Services.UserServiceTests.GetProfileAsync_UserExists_ReturnsUserDto","","2026-10-09","passed","2026-10-09","","Analyzer.Tests.Services.UserServiceTests","Analyzer.Tests.Services.UserServiceTests",""
"","1","Analyzer.Tests.Services.GraphServiceTests.DeleteComponentAsync_DeletesFromRepository","","2026-10-09","passed","2026-10-09","","Analyzer.Tests.Services.GraphServiceTests","Analyzer.Tests.Services.GraphServiceTests",""
"","2","Analyzer.Tests.Services.UserServiceTests.DeleteAsync_UserNotFound_ThrowsKeyNotFoundException","","2026-10-09","passed","2026-10-09","","Analyzer.Tests.Services.UserServiceTests","Analyzer.Tests.Services.UserServiceTests",""
"","1","Analyzer.Tests.Services.GraphServiceTests.DeleteLinkAsync_DeletesFromRepository","","2026-10-09","passed","2026-10-09","","Analyzer.Tests.Services.GraphServiceTests","Analyzer.Tests.Services.GraphServiceTests",""
"","0","Analyzer.Tests.Entities.TeamEntityTests.Team_RemoveMember_RemovesSuccessfully","","2026-10-09","passed","2026-10-09","","Analyzer.Tests.Entities.TeamEntityTests","Analyzer.Tests.Entities.TeamEntityTests",""
"","2","Analyzer.Tests.Services.AnalysisServiceTests.PlanDecommissioningAsync_WithImpact_ReturnsWarningRecommendation","","2026-10-09","passed","2026-10-09","","Analyzer.Tests.Services.AnalysisServiceTests","Analyzer.Tests.Services.AnalysisServiceTests",""
"","0","Analyzer.Tests.Services.AnalysisServiceTests.DetectCyclesAsync_RepositoryThrows_PropagatesException","","2026-10-09","passed","2026-10-09","","Analyzer.Tests.Services.AnalysisServiceTests","Analyzer.Tests.Services.AnalysisServiceTests",""
"","1","Analyzer.Tests.Services.AnalysisServiceTests.DetectSpofAsync_NoSpofFound_ReturnsEmptyDictionary","","2026-10-09","passed","2026-10-09","","Analyzer.Tests.Services.AnalysisServiceTests","Analyzer.Tests.Services.AnalysisServiceTests",""
"","0","Analyzer.Tests.Entities.UserEntityTests.User_UpdateProfile_WithEmptyValues_ThrowsArgumentException","","2026-10-09","passed","2026-10-09","","Analyzer.Tests.Entities.UserEntityTests","Analyzer.Tests.Entities.UserEntityTests",""
"","0","Analyzer.Tests.Services.InviteServiceTests.ConsumeInviteAsync_InvalidCode_ThrowsKeyNotFoundException","","2026-10-09","passed","2026-10-09","","Analyzer.Tests.Services.InviteServiceTests","Analyzer.Tests.Services.InviteServiceTests",""
"","208","Analyzer.Tests.Services.UserServiceTests.RegisterAsync_ValidDto_SavesUserAndConsumesInvite","","2026-10-09","passed","2026-10-09","","Analyzer.Tests.Services.UserServiceTests","Analyzer.Tests.Services.UserServiceTests",""
"","1","Analyzer.Tests.Services.TeamServiceTests.CreateTeamAsync_AddsToRepository_AndReturnsId","","2026-10-09","passed","2026-10-09","","Analyzer.Tests.Services.TeamServiceTests","Analyzer.Tests.Services.TeamServiceTests",""
"","1","Analyzer.Tests.Entities.InviteEntityTests.InviteStatus_WhenDatePassed_AutomaticallyReturnsExpired","","2026-10-09","passed","2026-10-09","","Analyzer.Tests.Entities.InviteEntityTests","Analyzer.Tests.Entities.InviteEntityTests",""
"","7","Analyzer.Tests.Services.SystemServiceTests.ExportSystem_ReturnsComponentsAndLinks","","2026-10-09","passed","2026-10-09","","Analyzer.Tests.Services.SystemServiceTests","Analyzer.Tests.Services.SystemServiceTests",""
"","0","Analyzer.Tests.Services.TeamServiceTests.GetAllTeamsAsync_NoTeamsInDatabase_ReturnsEmptyCollection","","2026-10-09","passed","2026-10-09","","Analyzer.Tests.Services.TeamServiceTests","Analyzer.Tests.Services.TeamServiceTests",""
"","0","Analyzer.Tests.Services.TeamServiceTests.UpdateTeamAsync_TeamExists_UpdatesProfile","","2026-10-09","passed","2026-10-09","","Analyzer.Tests.Services.TeamServiceTests","Analyzer.Tests.Services.TeamServiceTests",""
"","1","Analyzer.Tests.Entities.UserEntityTests.User_CreateInvitedUser_ValidParams_SetsPropertiesCorrectly","","2026-10-09","passed","2026-10-09","","Analyzer.Tests.Entities.UserEntityTests","Analyzer.Tests.Entities.UserEntityTests",""
"","0","Analyzer.Tests.Services.AvatarServiceTests.DeleteAvatarAsync_AvatarNotFound_DoesNothing","","2026-10-09","passed","2026-10-09","","Analyzer.Tests.Services.AvatarServiceTests","Analyzer.Tests.Services.AvatarServiceTests",""
"","2","Analyzer.Tests.Services.TeamServiceTests.AddMemberAsync_TeamExists_AddsUserToTeam","","2026-10-09","passed","2026-10-09","","Analyzer.Tests.Services.TeamServiceTests","Analyzer.Tests.Services.TeamServiceTests",""
"","1","Analyzer.Tests.Services.GraphServiceTests.UpdateComponentAsync_RepositoryFails_PropagatesException","","2026-10-09","passed","2026-10-09","","Analyzer.Tests.Services.GraphServiceTests","Analyzer.Tests.Services.GraphServiceTests",""
"","0","Analyzer.Tests.Entities.UserEntityTests.User_CreateInvitedUser_WithAdminRole_ThrowsInvalidOperationException","","2026-10-09","passed","2026-10-09","","Analyzer.Tests.Entities.UserEntityTests","Analyzer.Tests.Entities.UserEntityTests",""
"","0","Analyzer.Tests.Services.AvatarServiceTests.UploadNewAvatarAsync_ImageProviderFails_ThrowsException","","2026-10-09","passed","2026-10-09","","Analyzer.Tests.Services.AvatarServiceTests","Analyzer.Tests.Services.AvatarServiceTests",""
"","4","Analyzer.Tests.Services.InviteServiceTests.GenerateInviteAsync_TeamExists_AddsInviteAndReturnsCode","","2026-10-09","passed","2026-10-09","","Analyzer.Tests.Services.InviteServiceTests","Analyzer.Tests.Services.InviteServiceTests",""
"","1","Analyzer.Tests.Services.SystemServiceTests.CreateSystemAsync_EmptyName_ThrowsArgumentException","","2026-10-09","passed","2026-10-09","","Analyzer.Tests.Services.SystemServiceTests","Analyzer.Tests.Services.SystemServiceTests",""
"","0","Analyzer.Tests.Services.AnalysisServiceTests.AssessDeploymentRiskAsync_NoPaths_ReturnsLowRiskAndZeroScore","","2026-10-09","passed","2026-10-09","","Analyzer.Tests.Services.AnalysisServiceTests","Analyzer.Tests.Services.AnalysisServiceTests",""
"","0","Analyzer.Tests.Services.AnalysisServiceTests.AssessDeploymentRiskAsync_HasHighSeverityLink_ReturnsCriticalRisk","","2026-10-09","passed","2026-10-09","","Analyzer.Tests.Services.AnalysisServiceTests","Analyzer.Tests.Services.AnalysisServiceTests",""
"","0","Analyzer.Tests.Entities.AvatarEntityTests.Avatar_SameData_ProducesSameHash","","2026-10-09","passed","2026-10-09","","Analyzer.Tests.Entities.AvatarEntityTests","Analyzer.Tests.Entities.AvatarEntityTests",""
"","2","Analyzer.Tests.Services.TeamServiceTests.GetTeamMembersAsync_UserNotFound_ThrowsKeyNotFoundException","","2026-10-09","passed","2026-10-09","","Analyzer.Tests.Services.TeamServiceTests","Analyzer.Tests.Services.TeamServiceTests",""
"","3","Analyzer.Tests.Services.SchoolsComparisonTests.CreateTeam_ClassicalSchool_VerifiesResultingStateInStorage","","2026-10-09","passed","2026-10-09","","Analyzer.Tests.Services.SchoolsComparisonTests","Analyzer.Tests.Services.SchoolsComparisonTests",""
"","2","Analyzer.Tests.Services.SystemServiceTests.DeleteSystemAsync_GraphServiceFails_PropagatesException","","2026-10-09","passed","2026-10-09","","Analyzer.Tests.Services.SystemServiceTests","Analyzer.Tests.Services.SystemServiceTests",""
"","0","Analyzer.Tests.Services.AvatarServiceTests.DeleteAvatarAsync_NotOwnAvatar_ThrowsUnauthorizedException","","2026-10-09","passed","2026-10-09","","Analyzer.Tests.Services.AvatarServiceTests","Analyzer.Tests.Services.AvatarServiceTests",""
"","1","Analyzer.Tests.Services.InviteServiceTests.GetValidatedInviteDetailsAsync_ValidCode_ReturnsRoleAndTeam","","2026-10-09","passed","2026-10-09","","Analyzer.Tests.Services.InviteServiceTests","Analyzer.Tests.Services.InviteServiceTests",""
"","3","Analyzer.Tests.Services.SchoolsComparisonTests.CreateTeam_LondonSchool_VerifiesInteractionWithRepository","","2026-10-09","passed","2026-10-09","","Analyzer.Tests.Services.SchoolsComparisonTests","Analyzer.Tests.Services.SchoolsComparisonTests",""
"","1","Analyzer.Tests.Services.TeamServiceTests.AddMemberAsync_TeamNotFound_ThrowsKeyNotFoundException","","2026-10-09","passed","2026-10-09","","Analyzer.Tests.Services.TeamServiceTests","Analyzer.Tests.Services.TeamServiceTests",""
"","0","Analyzer.Tests.Entities.UserEntityTests.User_UpdateProfile_WithValidValues_UpdatesProperties","","2026-10-09","passed","2026-10-09","","Analyzer.Tests.Entities.UserEntityTests","Analyzer.Tests.Entities.UserEntityTests",""
"","4","Analyzer.Tests.Services.SystemServiceTests.GetSystemsByTeamIdAsync_ReturnsMappedDtos","","2026-10-09","passed","2026-10-09","","Analyzer.Tests.Services.SystemServiceTests","Analyzer.Tests.Services.SystemServiceTests",""
"","0","Analyzer.Tests.Services.AnalysisServiceTests.GetImpactedComponentsAsync_NoImpact_ReturnsEmptyList","","2026-10-09","passed","2026-10-09","","Analyzer.Tests.Services.AnalysisServiceTests","Analyzer.Tests.Services.AnalysisServiceTests",""
"","0","Analyzer.Tests.Entities.UserEntityTests.User_ChangePassword_WithEmptyHash_ThrowsArgumentException","","2026-10-09","passed","2026-10-09","","Analyzer.Tests.Entities.UserEntityTests","Analyzer.Tests.Entities.UserEntityTests",""
"","2","Analyzer.Tests.Services.AnalysisServiceTests.DetectCyclesAsync_HasMultipleCycles_ReturnsMappedCycles","","2026-10-09","passed","2026-10-09","","Analyzer.Tests.Services.AnalysisServiceTests","Analyzer.Tests.Services.AnalysisServiceTests",""
"","28","Analyzer.Tests.Services.AvatarServiceTests.UploadNewAvatarAsync_DuplicateImage_ReturnsExistingIdWithoutAdding","","2026-10-09","passed","2026-10-09","","Analyzer.Tests.Services.AvatarServiceTests","Analyzer.Tests.Services.AvatarServiceTests",""
"","4","Analyzer.Tests.Entities.AvatarEntityTests.Avatar_DifferentData_ProducesDifferentHash","","2026-10-09","passed","2026-10-09","","Analyzer.Tests.Entities.AvatarEntityTests","Analyzer.Tests.Entities.AvatarEntityTests",""
"","0","Analyzer.Tests.Services.TeamServiceTests.RemoveMemberAsync_TeamNotFound_ThrowsKeyNotFoundException","","2026-10-09","passed","2026-10-09","","Analyzer.Tests.Services.TeamServiceTests","Analyzer.Tests.Services.TeamServiceTests",""
"","0","Analyzer.Tests.Entities.UserEntityTests.User_CreateAdmin_WithEmptyArguments_ThrowsArgumentException(username: ""user"", email: """", hash: ""hash"")","","2026-10-09","passed","2026-10-09","","Analyzer.Tests.Entities.UserEntityTests","Analyzer.Tests.Entities.UserEntityTests",""
"","1","Analyzer.Tests.Services.GraphServiceTests.DeleteLinkAsync_RepositoryFails_PropagatesException","","2026-10-09","passed","2026-10-09","","Analyzer.Tests.Services.GraphServiceTests","Analyzer.Tests.Services.GraphServiceTests",""
"","0","Analyzer.Tests.Entities.TeamEntityTests.Team_Constructor_WithEmptyName_ThrowsArgumentException","","2026-10-09","passed","2026-10-09","","Analyzer.Tests.Entities.TeamEntityTests","Analyzer.Tests.Entities.TeamEntityTests",""
"","3","Analyzer.Tests.Services.TeamServiceTests.ExistsAsync_ReturnsCorrectStatus(exists: False)","","2026-10-09","passed","2026-10-09","","Analyzer.Tests.Services.TeamServiceTests","Analyzer.Tests.Services.TeamServiceTests",""
"","3","Analyzer.Tests.Services.UserServiceTests.UpdateProfileAsync_ChangeUsernameToAvailable_UpdatesSuccessfully","","2026-10-09","passed","2026-10-09","","Analyzer.Tests.Services.UserServiceTests","Analyzer.Tests.Services.UserServiceTests",""
"","0","Analyzer.Tests.Entities.UserEntityTests.User_CreateAdmin_WithInvalidEmail_ThrowsArgumentException","","2026-10-09","passed","2026-10-09","","Analyzer.Tests.Entities.UserEntityTests","Analyzer.Tests.Entities.UserEntityTests",""
"","2","Analyzer.Tests.Services.AvatarServiceTests.GetAvatarFileAsync_NotExists_ReturnsNull","","2026-10-09","passed","2026-10-09","","Analyzer.Tests.Services.AvatarServiceTests","Analyzer.Tests.Services.AvatarServiceTests",""
"","2","Analyzer.Tests.Services.InviteServiceTests.RevokeInviteAsync_ValidInvite_CallsRevokeAndUpdate","","2026-10-09","passed","2026-10-09","","Analyzer.Tests.Services.InviteServiceTests","Analyzer.Tests.Services.InviteServiceTests",""
"","1","Analyzer.Tests.Services.UserServiceTests.RegisterAsync_InvalidPassword_ThrowsArgumentException","","2026-10-09","passed","2026-10-09","","Analyzer.Tests.Services.UserServiceTests","Analyzer.Tests.Services.UserServiceTests",""
"","204","Analyzer.Tests.Services.UserServiceTests.LoginAsync_ValidCredentials_ReturnsJwt","","2026-10-09","passed","2026-10-09","","Analyzer.Tests.Services.UserServiceTests","Analyzer.Tests.Services.UserServiceTests",""
"","2","Analyzer.Tests.Services.UserServiceTests.UpdateProfileAsync_EmailAlreadyTaken_ThrowsInvalidOperationException","","2026-10-09","passed","2026-10-09","","Analyzer.Tests.Services.UserServiceTests","Analyzer.Tests.Services.UserServiceTests",""
"","0","Analyzer.Tests.Services.AnalysisServiceTests.PlanDecommissioningAsync_NoImpact_ReturnsSafeRecommendation","","2026-10-09","passed","2026-10-09","","Analyzer.Tests.Services.AnalysisServiceTests","Analyzer.Tests.Services.AnalysisServiceTests",""
"","1","Analyzer.Tests.Services.TeamServiceTests.DeleteTeamAsync_NoSystemsOwned_DeletesTeam","","2026-10-09","passed","2026-10-09","","Analyzer.Tests.Services.TeamServiceTests","Analyzer.Tests.Services.TeamServiceTests",""
"","1","Analyzer.Tests.Services.GraphServiceTests.GetComponentDetailsAsync_ReturnsMappedDto","","2026-10-09","passed","2026-10-09","","Analyzer.Tests.Services.GraphServiceTests","Analyzer.Tests.Services.GraphServiceTests",""
"","0","Analyzer.Tests.Entities.TeamEntityTests.Team_UpdateProfile_WithEmptyName_PreservesOldName","","2026-10-09","passed","2026-10-09","","Analyzer.Tests.Entities.TeamEntityTests","Analyzer.Tests.Entities.TeamEntityTests",""
"","2","Analyzer.Tests.Services.GraphServiceTests.CreateLinkAsync_RepositoryFails_PropagatesException","","2026-10-09","passed","2026-10-09","","Analyzer.Tests.Services.GraphServiceTests","Analyzer.Tests.Services.GraphServiceTests",""
"","2","Analyzer.Tests.Services.SchoolsComparisonTests.DeleteTeam_LondonSchool_VerifiesDeleteCallWhenNoSystemsOwned","","2026-10-09","passed","2026-10-09","","Analyzer.Tests.Services.SchoolsComparisonTests","Analyzer.Tests.Services.SchoolsComparisonTests",""
"","2","Analyzer.Tests.Services.GraphServiceTests.CreateComponentAsync_AddsToRepositoryAndReturnsId","","2026-10-09","passed","2026-10-09","","Analyzer.Tests.Services.GraphServiceTests","Analyzer.Tests.Services.GraphServiceTests",""
"","0","Analyzer.Tests.Entities.InviteEntityTests.Invite_Constructor_ValidParams_HasPendingStatusAndCorrectCode","","2026-10-09","passed","2026-10-09","","Analyzer.Tests.Entities.InviteEntityTests","Analyzer.Tests.Entities.InviteEntityTests",""
"","0","Analyzer.Tests.Services.InviteServiceTests.GetTeamInvitesAsync_NoInvites_ReturnsEmptyCollection","","2026-10-09","passed","2026-10-09","","Analyzer.Tests.Services.InviteServiceTests","Analyzer.Tests.Services.InviteServiceTests",""
"","0","Analyzer.Tests.Services.TeamServiceTests.ExistsAsync_ReturnsCorrectStatus(exists: True)","","2026-10-09","passed","2026-10-09","","Analyzer.Tests.Services.TeamServiceTests","Analyzer.Tests.Services.TeamServiceTests",""
"","0","Analyzer.Tests.Entities.ITSystemEntityTests.ITSystem_UpdateDetails_WithEmptyName_ThrowsArgumentException","","2026-10-09","passed","2026-10-09","","Analyzer.Tests.Entities.ITSystemEntityTests","Analyzer.Tests.Entities.ITSystemEntityTests",""
"","255","Analyzer.Tests.Services.UserServiceTests.LoginAsync_WrongPassword_ThrowsInvalidOperationException","","2026-10-09","passed","2026-10-09","","Analyzer.Tests.Services.UserServiceTests","Analyzer.Tests.Services.UserServiceTests",""
"","1","Analyzer.Tests.Services.AnalysisServiceTests.DetectCyclesAsync_NoCycles_ReturnsHasCyclesFalse","","2026-10-09","passed","2026-10-09","","Analyzer.Tests.Services.AnalysisServiceTests","Analyzer.Tests.Services.AnalysisServiceTests",""
"","0","Analyzer.Tests.Entities.InviteEntityTests.Consume_ValidUserId_ChangesStatusAndSetsActivatedBy","","2026-10-09","passed","2026-10-09","","Analyzer.Tests.Entities.InviteEntityTests","Analyzer.Tests.Entities.InviteEntityTests",""
"","0","Analyzer.Tests.Services.UserServiceTests.GetProfileAsync_UserNotFound_ThrowsKeyNotFoundException","","2026-10-09","passed","2026-10-09","","Analyzer.Tests.Services.UserServiceTests","Analyzer.Tests.Services.UserServiceTests",""
"","2","Analyzer.Tests.Services.InviteServiceTests.GetTeamInvitesAsync_HasInvites_ReturnsMappedDtos","","2026-10-09","passed","2026-10-09","","Analyzer.Tests.Services.InviteServiceTests","Analyzer.Tests.Services.InviteServiceTests",""
"","1","Analyzer.Tests.Entities.InviteEntityTests.ValidateCanBeConsumedBy_WhenExpired_ThrowsInvalidOperationException","","2026-10-09","passed","2026-10-09","","Analyzer.Tests.Entities.InviteEntityTests","Analyzer.Tests.Entities.InviteEntityTests",""
"","0","Analyzer.Tests.Services.AnalysisServiceTests.AssessDeploymentRiskAsync_ScoreBetween1And4_ReturnsLowRisk","","2026-10-09","passed","2026-10-09","","Analyzer.Tests.Services.AnalysisServiceTests","Analyzer.Tests.Services.AnalysisServiceTests",""
"","2","Analyzer.Tests.Services.SystemServiceTests.CreateSystemAsync_AddsToRepo_AndReturnsId","","2026-10-09","passed","2026-10-09","","Analyzer.Tests.Services.SystemServiceTests","Analyzer.Tests.Services.SystemServiceTests",""
"","0","Analyzer.Tests.Entities.AvatarEntityTests.Avatar_Constructor_GeneratesValidHash","","2026-10-09","passed","2026-10-09","","Analyzer.Tests.Entities.AvatarEntityTests","Analyzer.Tests.Entities.AvatarEntityTests",""
"","50","Analyzer.Tests.Entities.ITSystemEntityTests.ITSystem_UpdateDetails_UpdatesPropertiesAndTimestamp","","2026-10-09","passed","2026-10-09","","Analyzer.Tests.Entities.ITSystemEntityTests","Analyzer.Tests.Entities.ITSystemEntityTests",""
"","1","Analyzer.Tests.Services.TeamServiceTests.GetTeamMembersAsync_ReturnsMappedUserDtos","","2026-10-09","passed","2026-10-09","","Analyzer.Tests.Services.TeamServiceTests","Analyzer.Tests.Services.TeamServiceTests",""
"","1","Analyzer.Tests.Services.TeamServiceTests.UpdateTeamAsync_TeamNotFound_ThrowsKeyNotFoundException","","2026-10-09","passed","2026-10-09","","Analyzer.Tests.Services.TeamServiceTests","Analyzer.Tests.Services.TeamServiceTests",""
"","1","Analyzer.Tests.Services.GraphServiceTests.CreateLinkAsync_AddsToRepositoryAndReturnsId","","2026-10-09","passed","2026-10-09","","Analyzer.Tests.Services.GraphServiceTests","Analyzer.Tests.Services.GraphServiceTests",""
"","1","Analyzer.Tests.Entities.UserEntityTests.User_CreateAdmin_WithEmptyArguments_ThrowsArgumentException(username: ""user"", email: ""test@test.com"", hash: """")","","2026-10-09","passed","2026-10-09","","Analyzer.Tests.Entities.UserEntityTests","Analyzer.Tests.Entities.UserEntityTests",""
"","1","Analyzer.Tests.Services.UserServiceTests.RegisterAsync_UsernameTaken_ThrowsInvalidOperationException","","2026-10-09","passed","2026-10-09","","Analyzer.Tests.Services.UserServiceTests","Analyzer.Tests.Services.UserServiceTests",""
"","2","Analyzer.Tests.Services.TeamServiceTests.RemoveMemberAsync_TeamExists_RemovesUserFromTeam","","2026-10-09","passed","2026-10-09","","Analyzer.Tests.Services.TeamServiceTests","Analyzer.Tests.Services.TeamServiceTests",""
"","1","Analyzer.Tests.Services.SchoolsComparisonTests.DeleteTeam_ClassicalSchool_VerifiesItemIsRemovedFromStorage","","2026-10-09","passed","2026-10-09","","Analyzer.Tests.Services.SchoolsComparisonTests","Analyzer.Tests.Services.SchoolsComparisonTests",""
"","1","Analyzer.Tests.Entities.UserEntityTests.User_CreateInvitedUser_WithEmptyTeamId_ThrowsArgumentException","","2026-10-09","passed","2026-10-09","","Analyzer.Tests.Entities.UserEntityTests","Analyzer.Tests.Entities.UserEntityTests",""
"","2","Analyzer.Tests.Services.UserServiceTests.DeleteAsync_UserExists_DeletesFromRepository","","2026-10-09","passed","2026-10-09","","Analyzer.Tests.Services.UserServiceTests","Analyzer.Tests.Services.UserServiceTests",""
"","3","Analyzer.Tests.Services.GraphServiceTests.UpdateComponentAsync_UpdatesRepository","","2026-10-09","passed","2026-10-09","","Analyzer.Tests.Services.GraphServiceTests","Analyzer.Tests.Services.GraphServiceTests",""
"","1","Analyzer.Tests.Services.TeamServiceTests.DeleteTeamAsync_OwnsSystems_ThrowsInvalidOperationException","","2026-10-09","passed","2026-10-09","","Analyzer.Tests.Services.TeamServiceTests","Analyzer.Tests.Services.TeamServiceTests",""
"","0","Analyzer.Tests.Entities.InviteEntityTests.Consume_WhenAlreadyActivated_ThrowsInvalidOperationException","","2026-10-09","passed","2026-10-09","","Analyzer.Tests.Entities.InviteEntityTests","Analyzer.Tests.Entities.InviteEntityTests",""
"","1","Analyzer.Tests.Services.GraphServiceTests.CreateComponentAsync_EmptyName_ThrowsInvalidComponentPropertyException","","2026-10-09","passed","2026-10-09","","Analyzer.Tests.Services.GraphServiceTests","Analyzer.Tests.Services.GraphServiceTests",""
"","0","Analyzer.Tests.Entities.AvatarEntityTests.Avatar_EmptyData_StillGeneratesHash","","2026-10-09","passed","2026-10-09","","Analyzer.Tests.Entities.AvatarEntityTests","Analyzer.Tests.Entities.AvatarEntityTests",""
"","0","Analyzer.Tests.Entities.UserEntityTests.User_CreateAdmin_WithEmptyArguments_ThrowsArgumentException(username: """", email: ""test@test.com"", hash: ""hash"")","","2026-10-09","passed","2026-10-09","","Analyzer.Tests.Entities.UserEntityTests","Analyzer.Tests.Entities.UserEntityTests",""
"","1","Analyzer.Tests.Services.InviteServiceTests.GenerateInviteAsync_TeamNotFound_ThrowsKeyNotFoundException","","2026-10-09","passed","2026-10-09","","Analyzer.Tests.Services.InviteServiceTests","Analyzer.Tests.Services.InviteServiceTests",""
"","4","Analyzer.Tests.Services.GraphServiceTests.GetLinksBySystemIdAsync_ReturnsMappedDtos","","2026-10-09","passed","2026-10-09","","Analyzer.Tests.Services.GraphServiceTests","Analyzer.Tests.Services.GraphServiceTests",""
"","0","Analyzer.Tests.Services.UserServiceTests.LoginAsync_UserNotFound_ThrowsInvalidOperationException","","2026-10-09","passed","2026-10-09","","Analyzer.Tests.Services.UserServiceTests","Analyzer.Tests.Services.UserServiceTests",""
"","0","Analyzer.Tests.Services.AvatarServiceTests.DeleteAvatarAsync_OwnAvatar_CallsDelete","","2026-10-09","passed","2026-10-09","","Analyzer.Tests.Services.AvatarServiceTests","Analyzer.Tests.Services.AvatarServiceTests",""
"","1","Analyzer.Tests.Services.SystemServiceTests.UpdateSystemAsync_SystemNotFound_ThrowsKeyNotFoundException","","2026-10-09","passed","2026-10-09","","Analyzer.Tests.Services.SystemServiceTests","Analyzer.Tests.Services.SystemServiceTests",""
